{
    "metrics": {
        "iteration_duration": {
            "p(90)": 1902.1645598000002,
            "p(95)": 1973.6602546,
            "avg": 1290.3358261705469,
            "min": 512.683636,
            "med": 1287.199588,
            "max": 2246.605731
        },
        "http_req_waiting": {
            "max": 386.161681,
            "p(90)": 64.36155900000001,
            "p(95)": 79.923213,
            "avg": 42.48627759954349,
            "min": 0,
            "med": 41.377084
        },
        "http_req_receiving": {
            "max": 15.410486,
            "p(90)": 0.3474406000000002,
            "p(95)": 0.4323886,
            "avg": 0.2353414081613251,
            "min": 0.029973,
            "med": 0.198262
        },
        "http_req_failed": {
            "passes": 0,
            "fails": 10513,
            "thresholds": {
                "rate<0.01": false
            },
            "value": 0
        },
        "http_reqs": {
            "count": 10513,
            "rate": 50.087867088691524
        },
        "http_req_connecting": {
            "avg": 0.009447727194901556,
            "min": 0,
            "med": 0,
            "max": 55.974304,
            "p(90)": 0,
            "p(95)": 0
        },
        "http_req_sending": {
            "med": 0.031142,
            "max": 7.435631,
            "p(90)": 0.053594000000000024,
            "p(95)": 0.06866339999999994,
            "avg": 0.03602576571863411,
            "min": 0.006247
        },
        "iterations": {
            "count": 10513,
            "rate": 50.087867088691524
        },
        "http_req_blocked": {
            "avg": 0.01862926995148854,
            "min": 0.002059,
            "med": 0.006991,
            "max": 56.049449,
            "p(90)": 0.010062800000000002,
            "p(95)": 0.012792199999999997
        },
        "vus_max": {
            "max": 100,
            "value": 100,
            "min": 100
        },
        "data_received": {
            "count": 123890554,
            "rate": 590260.9723481747
        },
        "http_req_duration{expected_response:true}": {
            "p(95)": 80.24907219999999,
            "avg": 42.757644773423394,
            "min": 0.111818,
            "med": 41.660232,
            "max": 386.305066,
            "p(90)": 64.62148160000001
        },
        "http_req_tls_handshaking": {
            "avg": 0,
            "min": 0,
            "med": 0,
            "max": 0,
            "p(90)": 0,
            "p(95)": 0
        },
        "vus": {
            "min": 2,
            "max": 100,
            "value": 2
        },
        "data_sent": {
            "count": 1292431,
            "rate": 6157.625049872032
        },
        "list_latency": {
            "med": 41.660232,
            "max": 386.305066,
            "p(90)": 64.62148160000001,
            "p(95)": 80.24907219999999,
            "avg": 42.757644773423394,
            "min": 0.111818,
            "thresholds": {
                "p(95)<1500": false
            }
        },
        "http_req_duration": {
            "p(95)": 80.24907219999999,
            "avg": 42.757644773423394,
            "min": 0.111818,
            "med": 41.660232,
            "max": 386.305066,
            "p(90)": 64.62148160000001,
            "thresholds": {
                "p(95)<1500": false
            }
        },
        "checks": {
            "passes": 21026,
            "fails": 0,
            "value": 1
        },
        "list_errors": {
            "passes": 0,
            "fails": 10513,
            "value": 0
        }
    },
    "root_group": {
        "id": "d41d8cd98f00b204e9800998ecf8427e",
        "groups": {},
        "checks": {
                "status 200": {
                    "name": "status 200",
                    "path": "::status 200",
                    "id": "fad9fa412b86fcb03bee97c80dcd61f1",
                    "passes": 10513,
                    "fails": 0
                },
                "has data": {
                    "path": "::has data",
                    "id": "1bccc6a8168ecee4d4fb0b8132d082ca",
                    "passes": 10513,
                    "fails": 0,
                    "name": "has data"
                }
            },
        "name": "",
        "path": ""
    }
}