{
    "root_group": {
        "name": "",
        "path": "",
        "id": "d41d8cd98f00b204e9800998ecf8427e",
        "groups": {},
        "checks": {
                "status 200": {
                    "name": "status 200",
                    "path": "::status 200",
                    "id": "fad9fa412b86fcb03bee97c80dcd61f1",
                    "passes": 18396,
                    "fails": 0
                }
            }
    },
    "metrics": {
        "iteration_duration": {
            "max": 7554.612295,
            "p(90)": 2110.1961115,
            "p(95)": 2349.931359,
            "avg": 1065.7570390518615,
            "min": 39.566691,
            "med": 955.620941
        },
        "list_latency": {
            "p(90)": 2103.2619139999997,
            "p(95)": 2333.78786075,
            "avg": 1062.1842923643158,
            "min": 0.110225,
            "med": 954.8357355,
            "max": 7554.342294
        },
        "data_sent": {
            "count": 2189124,
            "rate": 12196.450570524159
        },
        "vus_max": {
            "value": 200,
            "min": 200,
            "max": 200
        },
        "http_req_connecting": {
            "avg": 0.014067556642748426,
            "min": 0,
            "med": 0,
            "max": 75.82255,
            "p(90)": 0,
            "p(95)": 0
        },
        "iterations": {
            "count": 18396,
            "rate": 102.4911812649089
        },
        "http_req_duration{expected_response:true}": {
            "max": 7554.342294,
            "p(90)": 2103.2619139999997,
            "p(95)": 2333.78786075,
            "avg": 1062.1842923643158,
            "min": 0.110225,
            "med": 954.8357355
        },
        "http_req_waiting": {
            "avg": 1061.5186752831594,
            "min": 0,
            "med": 954.199914,
            "max": 7553.862775,
            "p(90)": 2102.828308,
            "p(95)": 2333.0437442499997
        },
        "http_req_failed": {
            "passes": 0,
            "fails": 18396,
            "value": 0
        },
        "http_req_sending": {
            "avg": 0.03583876804740153,
            "min": 0.004119,
            "med": 0.0186865,
            "max": 19.423621,
            "p(90)": 0.037529,
            "p(95)": 0.0505435
        },
        "data_received": {
            "count": 269123313,
            "rate": 1499389.3376438257
        },
        "http_req_duration": {
            "avg": 1062.1842923643158,
            "min": 0.110225,
            "med": 954.8357355,
            "max": 7554.342294,
            "p(90)": 2103.2619139999997,
            "p(95)": 2333.78786075
        },
        "http_req_tls_handshaking": {
            "min": 0,
            "med": 0,
            "max": 0,
            "p(90)": 0,
            "p(95)": 0,
            "avg": 0
        },
        "http_req_receiving": {
            "avg": 0.6297783131115472,
            "min": -83.619735,
            "med": 0.3384375,
            "max": 27.132429,
            "p(90)": 1.0194845,
            "p(95)": 2.0982184999999998
        },
        "http_reqs": {
            "rate": 102.4911812649089,
            "count": 18396
        },
        "http_req_blocked": {
            "avg": 0.023722619047619083,
            "min": 0.001009,
            "med": 0.005934,
            "max": 75.901212,
            "p(90)": 0.008395,
            "p(95)": 0.011649
        },
        "vus": {
            "value": 1,
            "min": 1,
            "max": 200
        },
        "checks": {
            "passes": 18396,
            "fails": 0,
            "value": 1
        }
    }
}