{
    "root_group": {
        "name": "",
        "path": "",
        "id": "d41d8cd98f00b204e9800998ecf8427e",
        "groups": {},
        "checks": {
                "status 200": {
                    "name": "status 200",
                    "path": "::status 200",
                    "id": "fad9fa412b86fcb03bee97c80dcd61f1",
                    "passes": 24282,
                    "fails": 0
                }
            }
    },
    "metrics": {
        "http_req_receiving": {
            "avg": 0.5519379255003684,
            "min": -104.176672,
            "med": 0.2788355,
            "max": 46.485824,
            "p(90)": 0.9063825000000004,
            "p(95)": 1.7858121000000005
        },
        "data_sent": {
            "count": 2889558,
            "rate": 16108.633938545565
        },
        "http_req_duration{expected_response:true}": {
            "avg": 802.8550415798115,
            "min": 0.074789,
            "med": 652.4681185,
            "max": 7042.872444,
            "p(90)": 1493.2166821000003,
            "p(95)": 1841.85403825
        },
        "http_req_failed": {
            "passes": 0,
            "fails": 24282,
            "value": 0
        },
        "checks": {
            "passes": 24282,
            "fails": 0,
            "value": 1
        },
        "vus_max": {
            "value": 200,
            "min": 200,
            "max": 200
        },
        "http_req_sending": {
            "min": 0.003996,
            "med": 0.017732,
            "max": 19.780805,
            "p(90)": 0.03371840000000002,
            "p(95)": 0.04706995,
            "avg": 0.03390332756774559
        },
        "iteration_duration": {
            "p(95)": 1842.5506848500004,
            "avg": 806.0292989674614,
            "min": 31.165105,
            "med": 653.881799,
            "max": 7043.162226,
            "p(90)": 1501.967744
        },
        "iterations": {
            "rate": 135.36667175248374,
            "count": 24282
        },
        "list_latency": {
            "p(95)": 1841.85403825,
            "avg": 802.8550415798115,
            "min": 0.074789,
            "med": 652.4681185,
            "max": 7042.872444,
            "p(90)": 1493.2166821000003
        },
        "http_req_waiting": {
            "max": 7030.13105,
            "p(90)": 1492.8790147,
            "p(95)": 1841.6615278000002,
            "avg": 802.2692003267463,
            "min": 0,
            "med": 651.9695755
        },
        "data_received": {
            "count": 355231116,
            "rate": 1980333.3282201001
        },
        "vus": {
            "value": 1,
            "min": 1,
            "max": 200
        },
        "http_req_duration": {
            "min": 0.074789,
            "med": 652.4681185,
            "max": 7042.872444,
            "p(90)": 1493.2166821000003,
            "p(95)": 1841.85403825,
            "avg": 802.8550415798115
        },
        "http_reqs": {
            "count": 24282,
            "rate": 135.36667175248374
        },
        "http_req_tls_handshaking": {
            "min": 0,
            "med": 0,
            "max": 0,
            "p(90)": 0,
            "p(95)": 0,
            "avg": 0
        },
        "http_req_blocked": {
            "avg": 0.020837034717074373,
            "min": 0.001061,
            "med": 0.005436,
            "max": 68.589728,
            "p(90)": 0.007748,
            "p(95)": 0.010240550000000006
        },
        "http_req_connecting": {
            "med": 0,
            "max": 68.267422,
            "p(90)": 0,
            "p(95)": 0,
            "avg": 0.011615993451939704,
            "min": 0
        }
    }
}